{"cameraMode":{"drawMode":0,"name":"Shaded","section":"Shading Mode"},"sceneLighting":false,"audioPlay":false,"sceneViewState":{"m_AlwaysRefresh":false,"showFog":true,"showSkybox":false,"showFlares":true,"showImageEffects":true,"showParticleSystems":true,"showVisualEffectGraphs":true,"m_FxEnabled":true},"in2DMode":false,"pivot":{"x":-21.493633270263673,"y":1.5537331104278565,"z":10.245569229125977},"rotation":{"x":0.025647930800914766,"y":0.9680444002151489,"z":-0.11114151775836945,"w":0.2233985811471939},"size":2.5376954078674318,"orthographic":false}