{"cameraMode":{"drawMode":0,"name":"Shaded","section":"Shading Mode"},"sceneLighting":false,"audioPlay":false,"sceneViewState":{"m_AlwaysRefresh":false,"showFog":true,"showSkybox":false,"showFlares":true,"showImageEffects":true,"showParticleSystems":true,"showVisualEffectGraphs":true,"m_FxEnabled":true},"in2DMode":false,"pivot":{"x":-18.1750545501709,"y":1.1690428256988526,"z":-4.311408996582031},"rotation":{"x":0.010615152306854725,"y":0.9671173095703125,"z":-0.25087496638298037,"w":0.04093654826283455},"size":2.0689542293548586,"orthographic":false}