{"cameraMode":{"drawMode":0,"name":"Shaded","section":"Shading Mode"},"sceneLighting":true,"audioPlay":false,"sceneViewState":{"m_AlwaysRefresh":false,"showFog":true,"showSkybox":true,"showFlares":true,"showImageEffects":true,"showParticleSystems":true,"showVisualEffectGraphs":true,"m_FxEnabled":true},"in2DMode":false,"pivot":{"x":-1.8477025032043458,"y":22.99535369873047,"z":-35.636802673339847},"rotation":{"x":0.19848980009555818,"y":-0.007989319041371346,"z":0.0017958554672077299,"w":0.9801462292671204},"size":11.392603874206543,"orthographic":true}