{"cameraMode":{"drawMode":0,"name":"Shaded","section":"Shading Mode"},"sceneLighting":false,"audioPlay":false,"sceneViewState":{"m_AlwaysRefresh":false,"showFog":true,"showSkybox":false,"showFlares":true,"showImageEffects":true,"showParticleSystems":true,"showVisualEffectGraphs":true,"m_FxEnabled":true},"in2DMode":false,"pivot":{"x":-21.280731201171876,"y":4.091709613800049,"z":13.162214279174805},"rotation":{"x":-0.004091850947588682,"y":0.9768548607826233,"z":-0.2131270170211792,"w":-0.018756631761789323},"size":4.274651527404785,"orthographic":false}