{"cameraMode":{"drawMode":0,"name":"Shaded","section":"Shading Mode"},"sceneLighting":false,"audioPlay":false,"sceneViewState":{"m_AlwaysRefresh":false,"showFog":true,"showSkybox":false,"showFlares":true,"showImageEffects":true,"showParticleSystems":true,"showVisualEffectGraphs":true,"m_FxEnabled":true},"in2DMode":false,"pivot":{"x":-19.552474975585939,"y":5.044567584991455,"z":17.391939163208009},"rotation":{"x":0.01940271258354187,"y":0.767831563949585,"z":-0.023279784247279168,"w":0.6399415731430054},"size":3.6491644382476808,"orthographic":false}